"部门费用","部门费用"
"资料","已发布算例V1 · 资料截止2026-09-30 · 独立经营算例，非共同业绩或法定净利润"
"统计口径","按会计月份、公司及资料版本统计。直接费用为明确归属部门且尚未扣除的费用；分配费用仅取有批准依据的本部门份额。承担合计＝直接费用＋分配费用。尚无部门归属的费用单列未分配，不计入任何部门承担；公司全部部门承担与未分配之和等于公司经营费用。已含收入或成本的优惠等不重复扣减；费用明细列本部门份额，不重复累计原费用全额。内部管理结转仍归内部调整，部门损益仍归部门损益。本页为固定独立算例，正式来源及费用分配政策待确认，查询不改变来源。"
"会计月份开始","2026-09"
"会计月份结束","2026-09"
"核算公司","全部公司"
"费用承担部门","全部"
"原币","人民币"
"资料版本","已发布算例V1"
"排序","","升序"

"部门费用明细"
"费用单号","核算公司","费用承担部门","会计月份","原币","费用项目","归属方式","直接费用","分配费用","承担合计","未分配费用","分配依据","费用确认依据","核对情况"
"FEE0","A公司（演示）","直营销售部","2026-09","CNY","平台服务费","直接归属","100","0","100","0","直接归属，无需分配","费用确认FEE0","直接归属"
"FEE1","A公司（演示）","加盟渠道部","2026-09","CNY","渠道佣金","直接归属","600","0","600","0","直接归属，无需分配","费用确认FEE1","直接归属"
"FEE2","A公司（演示）","呼叫中心","2026-09","CNY","直接销售费用","直接归属","400","0","400","0","直接归属，无需分配","费用确认FEE2","直接归属"
"ADMIN","A公司（演示）","直营销售部","2026-09","CNY","管理费用","批准分配","0","300","300","0","批准分摊表ALLOC-01","费用确认ADMIN","按批准依据分摊"
"ADMIN","A公司（演示）","加盟渠道部","2026-09","CNY","管理费用","批准分配","0","300","300","0","批准分摊表ALLOC-01","费用确认ADMIN","按批准依据分摊"
"ADMIN","A公司（演示）","呼叫中心","2026-09","CNY","管理费用","批准分配","0","300","300","0","批准分摊表ALLOC-01","费用确认ADMIN","按批准依据分摊"
"UNASSIGNED","A公司（演示）","未分配费用","2026-09","CNY","管理费用","未分配","0","0","0","600","尚无部门分配依据","费用确认UNASSIGNED","未分配费用"
"PRODUCT","B公司（演示）","欧洲产品部","2026-09","CNY","管理费用","直接归属","600","0","600","0","直接归属，无需分配","费用确认PRODUCT","直接归属"
"INCLUDED","A公司（演示）","直营销售部","2026-09","CNY","公司承担优惠","直接归属","0","0","0","0","直接归属，无需分配","优惠已包含确认收入，不再扣减","已含收入/成本，不重复扣减"